Order_ID,Delivery_person_ID,Delivery_person_Age,Delivery_person_Ratings,Restaurant_latitude,Restaurant_longitude,Delivery_location_latitude,Delivery_location_longitude,Order_Date,Time_Ordered,Time_Order_picked,Weather_conditions,Road_traffic_density,Vehicle_condition,Type_of_order,Type_of_vehicle,multiple_deliveries,Festival,City,Order_Status,Predicted_ETA_min,ETA_Updated_At,Risk_Score,Risk_Category,Ops_Alerted,Driver_Notified,Customer_Notified,Weather_Label,Traffic_Label,Festival_Label,Weather_Pts,Traffic_Pts,Festival_Pts,MultiDelivery_Pts,Risk_Drivers,Distance_km,Estimated_Arrival
ZC-0001,JAPRES010DEL02,34,4.5,26.921411,75.793604,26.941411,75.813604,2026-09-26,09:00:00,09:15:00,Windy,Low,2,Drinks,scooter,0,No,Metropolitian,Active,23.8,2026-09-26 07:08:04,10,Low,,,,Moderate,Smooth,Normal Day,10,0,0,0,Weather: Windy,2.98,09:39
ZC-0002,BANGRES12DEL02,29,4.8,12.939496,77.625999,12.959496,77.645999,2026-09-26,09:00:00,09:05:00,Sunny,Low,2,Buffet,motorcycle,1,No,Metropolitian,Active,18.2,2026-09-26 07:08:04,10,Low,,,,Clear,Smooth,Normal Day,0,0,0,10,Multiple deliveries: 1,3.11,09:23
ZC-0003,MUMRES14DEL01,21,4.8,19.1813,72.836191,19.1913,72.846191,2026-09-26,09:00:00,09:15:00,Stormy,Low,1,Snack,scooter,0,No,Urban,Active,13.4,2026-09-26 07:08:04,20,Low,,,,Adverse,Smooth,Normal Day,20,0,0,0,Weather: Stormy,1.53,09:28
ZC-0004,BANGRES15DEL01,21,4.3,12.975377,77.696664,12.985377,77.706664,2026-09-26,10:00:00,10:15:00,Windy,Low,0,Snack,motorcycle,1,No,Metropolitian,Active,22.1,2026-09-26 07:08:04,20,Low,,,,Moderate,Smooth,Normal Day,10,0,0,10,Weather: Windy; Multiple deliveries: 1,1.55,10:37
ZC-0005,MYSRES09DEL02,38,4.6,12.323194,76.630583,12.343194,76.650583,2026-09-26,10:40:00,10:45:00,Stormy,Low,1,Snack,scooter,1,No,Metropolitian,Active,24.6,2026-09-26 07:08:04,30,Medium,,,,Adverse,Smooth,Normal Day,20,0,0,10,Weather: Stormy; Multiple deliveries: 1,3.11,11:10
ZC-0006,BANGRES17DEL02,32,4.9,12.972532,77.608179,12.992532,77.628179,2026-09-26,10:50:00,11:05:00,Windy,Low,1,Buffet,scooter,1,No,Metropolitian,Active,25.1,2026-09-26 07:08:04,20,Low,,,,Moderate,Smooth,Normal Day,10,0,0,10,Weather: Windy; Multiple deliveries: 1,3.11,11:30
ZC-0007,KOCRES01DEL01,36,4.8,9.979363,76.285001,9.989363,76.295001,2026-09-26,10:50:00,11:05:00,Sandstorms,Low,1,Buffet,motorcycle,1,No,Metropolitian,Active,23.8,2026-09-26 07:08:04,30,Medium,,,,Adverse,Smooth,Normal Day,20,0,0,10,Weather: Sandstorms; Multiple deliveries: 1,1.56,11:29
ZC-0008,JAPRES13DEL01,23,5.0,26.846156,75.8023,26.856156,75.8123,2026-09-26,11:25:00,11:30:00,Sandstorms,High,0,Meal,motorcycle,1,No,Metropolitian,Active,28.6,2026-09-26 07:08:04,50,High,,,,Adverse,Heavy,Normal Day,20,20,0,10,Weather: Sandstorms; Traffic: High; Multiple deliveries: 1,1.49,11:59
ZC-0009,SURRES11DEL01,25,4.8,21.157735,72.768778,21.167735,72.778778,2026-09-26,12:00:00,12:05:00,Cloudy,High,1,Meal,scooter,0,No,Metropolitian,Active,26.7,2026-09-26 07:08:04,40,Medium,,,,Adverse,Heavy,Normal Day,20,20,0,0,Weather: Cloudy; Traffic: High,1.52,12:32
ZC-0010,BANGRES010DEL01,27,4.1,12.933298,77.614293,12.973298,77.654293,2026-09-26,13:30:00,13:35:00,Sunny,High,0,Meal,motorcycle,3,No,Semi-Urban,Active,51.8,2026-09-26 07:08:04,50,High,,,,Clear,Heavy,Normal Day,0,20,0,30,Traffic: High; Multiple deliveries: 3,6.21,14:27
ZC-0011,INDORES07DEL01,35,4.7,22.722634,75.886959,22.762634,75.926959,2026-09-26,15:10:00,15:15:00,Cloudy,Medium,2,Meal,motorcycle,1,No,Metropolitian,Active,17.4,2026-09-26 07:08:04,40,Medium,,,,Adverse,Moderate,Normal Day,20,10,0,10,Weather: Cloudy; Traffic: Medium; Multiple deliveries: 1,6.05,15:32
ZC-0012,COIMBRES13DEL01,35,4.7,11.003669,76.976494,11.073669,77.046494,2026-09-26,17:20:00,17:30:00,Sunny,Medium,0,Meal,motorcycle,1,No,Urban,Active,30.4,2026-09-26 07:08:04,20,Low,,,,Clear,Moderate,Normal Day,0,10,0,10,Traffic: Medium; Multiple deliveries: 1,10.91,18:00
ZC-0013,JAPRES13DEL03,25,4.9,26.846156,75.8023,26.986156,75.9423,2026-09-26,17:35:00,17:40:00,Sandstorms,Medium,2,Snack,motorcycle,1,No,Metropolitian,Active,23.0,2026-09-26 07:08:04,40,Medium,,,,Adverse,Moderate,Normal Day,20,10,0,10,Weather: Sandstorms; Traffic: Medium; Multiple deliveries: 1,20.86,18:03
ZC-0014,COIMBRES09DEL03,20,4.9,11.008638,76.984311,11.068638,77.044311,2026-09-26,17:40:00,17:50:00,Fog,Medium,2,Drinks,electric_scooter,1,No,Metropolitian,Active,17.7,2026-09-26 07:08:04,40,Medium,,,,Adverse,Moderate,Normal Day,20,10,0,10,Weather: Fog; Traffic: Medium; Multiple deliveries: 1,9.35,18:08
ZC-0015,COIMBRES15DEL01,33,3.7,11.006686,76.951736,11.076686,77.021736,2026-09-26,17:40:00,17:55:00,Windy,Medium,2,Drinks,electric_scooter,1,No,Metropolitian,Active,34.6,2026-09-26 07:08:04,30,Medium,,,,Moderate,Moderate,Normal Day,10,10,0,10,Weather: Windy; Traffic: Medium; Multiple deliveries: 1,10.91,18:30
ZC-0016,CHENRES19DEL02,24,4.6,12.986047,80.218114,13.036047,80.268114,2026-09-26,17:50:00,18:00:00,Fog,Medium,1,Drinks,scooter,1,No,Metropolitian,Active,16.5,2026-09-26 07:08:04,40,Medium,,,,Adverse,Moderate,Normal Day,20,10,0,10,Weather: Fog; Traffic: Medium; Multiple deliveries: 1,7.76,18:16
ZC-0017,BANGRES15DEL02,31,4.0,12.975377,77.696664,13.105377,77.826664,2026-09-26,18:10:00,18:25:00,Sunny,Medium,0,Drinks,motorcycle,0,No,Metropolitian,Active,38.2,2026-09-26 07:08:04,10,Low,,,,Clear,Moderate,Normal Day,0,10,0,0,Traffic: Medium,20.18,19:03
ZC-0018,MYSRES11DEL02,24,4.5,12.323225,76.630028,12.453225,76.760028,2026-09-26,18:20:00,18:35:00,Sunny,Medium,0,Buffet,motorcycle,0,No,Metropolitian,Active,21.6,2026-09-26 07:08:04,10,Low,,,,Clear,Moderate,Normal Day,0,10,0,0,Traffic: Medium,20.21,18:57
ZC-0019,SURRES13DEL03,39,4.9,21.170096,72.789122,21.230096,72.849122,2026-09-26,18:20:00,18:35:00,Cloudy,Medium,1,Meal,scooter,0,No,Metropolitian,Active,17.2,2026-09-26 07:08:04,30,Medium,,,,Adverse,Moderate,Normal Day,20,10,0,0,Weather: Cloudy; Traffic: Medium,9.12,18:52
ZC-0020,LUDHRES08DEL03,28,4.7,30.899992,75.831338,30.929992,75.861338,2026-09-26,18:30:00,18:40:00,Fog,Medium,2,Buffet,motorcycle,1,No,Urban,Active,14.3,2026-09-26 07:08:04,40,Medium,,,,Adverse,Moderate,Normal Day,20,10,0,10,Weather: Fog; Traffic: Medium; Multiple deliveries: 1,4.4,18:54
ZC-0021,MYSRES08DEL02,37,4.9,12.297954,76.665169,12.347954,76.715169,2026-09-26,18:40:00,18:45:00,Sunny,Medium,1,Meal,scooter,1,No,Metropolitian,Active,19.5,2026-09-26 07:08:04,20,Low,,,,Clear,Moderate,Normal Day,0,10,0,10,Traffic: Medium; Multiple deliveries: 1,7.77,19:04
ZC-0022,MYSRES04DEL01,32,4.8,12.3085,76.665808,12.3785,76.735808,2026-09-26,18:45:00,18:55:00,Sunny,Medium,1,Drinks,motorcycle,0,No,Urban,Active,20.9,2026-09-26 07:08:04,10,Low,,,,Clear,Moderate,Normal Day,0,10,0,0,Traffic: Medium,10.88,19:16
ZC-0023,MUMRES20DEL02,27,4.7,19.103249,72.846749,19.153249,72.896749,2026-09-26,18:45:00,18:50:00,Fog,Medium,1,Meal,scooter,0,No,Urban,Active,14.3,2026-09-26 07:08:04,30,Medium,,,,Adverse,Moderate,Normal Day,20,10,0,0,Weather: Fog; Traffic: Medium,7.65,19:04
ZC-0024,COIMBRES12DEL02,23,4.9,11.000762,76.981876,11.130762,77.111876,2026-09-26,00:00:00,00:15:00,Windy,Low,1,Meal,scooter,0,No,Metropolitian,Active,14.9,2026-09-26 07:08:04,10,Low,,,,Moderate,Smooth,Normal Day,10,0,0,0,Weather: Windy,20.25,00:30
ZC-0025,PUNERES18DEL02,27,4.8,18.593481,73.785901,18.643481,73.835901,2026-09-26,00:00:00,00:10:00,Cloudy,Low,1,Meal,motorcycle,1,No,Urban,Active,15.0,2026-09-26 07:08:04,30,Medium,,,,Adverse,Smooth,Normal Day,20,0,0,10,Weather: Cloudy; Multiple deliveries: 1,7.66,00:25
ZC-0026,CHENRES19DEL03,24,4.5,12.986047,80.218114,13.076047,80.308114,2026-09-26,19:10:00,19:20:00,Cloudy,Jam,1,Snack,motorcycle,1,No,Metropolitian,Active,35.4,2026-09-26 07:08:04,60,High,,,,Adverse,Severe,Normal Day,20,30,0,10,Weather: Cloudy; Traffic: Jam; Multiple deliveries: 1,13.97,19:55
ZC-0027,COIMBRES03DEL02,28,4.5,11.025083,77.015393,11.075083,77.065393,2026-09-26,19:15:00,19:30:00,Windy,Jam,1,Meal,scooter,1,No,Urban,Active,19.1,2026-09-26 07:08:04,50,High,,,,Moderate,Severe,Normal Day,10,30,0,10,Weather: Windy; Traffic: Jam; Multiple deliveries: 1,7.79,19:49
ZC-0028,AGRRES04DEL02,29,4.7,27.195928,77.998092,27.325928,78.128092,2026-09-26,19:15:00,19:25:00,Sunny,Jam,1,Buffet,scooter,1,No,Metropolitian,Active,18.5,2026-09-26 07:08:04,40,Medium,,,,Clear,Severe,Normal Day,0,30,0,10,Traffic: Jam; Multiple deliveries: 1,19.34,19:44
ZC-0029,RANCHIRES18DEL01,33,4.5,23.351489,85.324253,23.421489,85.394253,2026-09-26,19:55:00,20:00:00,Sandstorms,Jam,1,Buffet,motorcycle,1,No,Metropolitian,Active,32.5,2026-09-26 07:08:04,60,High,,,,Adverse,Severe,Normal Day,20,30,0,10,Weather: Sandstorms; Traffic: Jam; Multiple deliveries: 1,10.57,20:32
ZC-0030,COIMBRES01DEL02,26,4.8,11.016298,76.972076,11.146298,77.102076,2026-09-26,20:00:00,20:15:00,Windy,Jam,1,Meal,motorcycle,0,No,Metropolitian,Active,21.6,2026-09-26 07:08:04,40,Medium,,,,Moderate,Severe,Normal Day,10,30,0,0,Weather: Windy; Traffic: Jam,20.25,20:37
ZC-0031,RANCHIRES08DEL01,35,4.3,23.353783,85.326967,23.423783,85.396967,2026-09-26,20:00:00,20:15:00,Fog,Jam,1,Snack,scooter,0,No,Metropolitian,Active,40.8,2026-09-26 07:08:04,50,High,,,,Adverse,Severe,Normal Day,20,30,0,0,Weather: Fog; Traffic: Jam,10.57,20:56
ZC-0032,SURRES03DEL03,32,4.4,21.186884,72.793616,21.276884,72.883616,2026-09-26,20:20:00,20:35:00,Sandstorms,Jam,2,Meal,electric_scooter,0,No,Metropolitian,Active,37.6,2026-09-26 07:08:04,50,High,,,,Adverse,Severe,Normal Day,20,30,0,0,Weather: Sandstorms; Traffic: Jam,13.68,21:13
ZC-0033,MYSRES13DEL01,22,4.7,12.310972,76.659264,12.420972,76.769264,2026-09-26,20:35:00,20:40:00,Stormy,Jam,2,Meal,electric_scooter,0,No,Metropolitian,Active,20.8,2026-09-26 07:08:04,50,High,,,,Adverse,Severe,Normal Day,20,30,0,0,Weather: Stormy; Traffic: Jam,17.1,21:01
ZC-0034,KOLRES12DEL01,24,4.7,22.551084,88.354127,22.621084,88.424127,2026-09-26,20:40:00,20:45:00,Stormy,Jam,2,Drinks,electric_scooter,1,No,Metropolitian,Active,22.8,2026-09-26 07:08:04,60,High,,,,Adverse,Severe,Normal Day,20,30,0,10,Weather: Stormy; Traffic: Jam; Multiple deliveries: 1,10.59,21:08
ZC-0035,KOCRES01DEL01,23,4.6,9.979363,76.285001,10.089363,76.395001,2026-09-26,20:45:00,21:00:00,Cloudy,Jam,2,Buffet,scooter,1,No,Metropolitian,Active,36.8,2026-09-26 07:08:04,60,High,,,,Adverse,Severe,Normal Day,20,30,0,10,Weather: Cloudy; Traffic: Jam; Multiple deliveries: 1,17.17,21:37
ZC-0036,KOLRES17DEL03,21,4.7,22.569358,88.433452,22.629358,88.493452,2026-09-26,20:55:00,21:00:00,Cloudy,Jam,1,Snack,motorcycle,1,No,Metropolitian,Active,27.8,2026-09-26 07:08:04,60,High,,,,Adverse,Severe,Normal Day,20,30,0,10,Weather: Cloudy; Traffic: Jam; Multiple deliveries: 1,9.08,21:28
ZC-0037,JAPRES09DEL03,30,5.0,26.911378,75.789034,27.001378,75.879034,2026-09-26,21:00:00,21:05:00,Sunny,Jam,1,Meal,motorcycle,1,No,Metropolitian,Active,22.4,2026-09-26 07:08:04,40,Medium,,,,Clear,Severe,Normal Day,0,30,0,10,Traffic: Jam; Multiple deliveries: 1,13.41,21:27
ZC-0038,MUMRES05DEL02,30,4.9,18.927584,72.832585,19.007584,72.912585,2026-09-26,21:15:00,21:30:00,Sunny,Jam,0,Buffet,motorcycle,1,No,Metropolitian,Active,29.8,2026-09-26 07:08:04,40,Medium,,,,Clear,Severe,Normal Day,0,30,0,10,Traffic: Jam; Multiple deliveries: 1,12.24,22:00
ZC-0039,MYSRES09DEL02,38,4.7,12.323194,76.630583,12.373194,76.680583,2026-09-26,21:25:00,21:35:00,Windy,Jam,0,Drinks,motorcycle,1,No,Metropolitian,Active,37.0,2026-09-26 07:08:04,50,High,,,,Moderate,Severe,Normal Day,10,30,0,10,Weather: Windy; Traffic: Jam; Multiple deliveries: 1,7.77,22:12
ZC-0040,VADRES20DEL01,38,4.8,22.311358,73.164798,22.381358,73.234798,2026-09-26,21:35:00,21:40:00,Fog,Jam,2,Buffet,scooter,1,No,Metropolitian,Active,39.7,2026-09-26 07:08:04,60,High,,,,Adverse,Severe,Normal Day,20,30,0,10,Weather: Fog; Traffic: Jam; Multiple deliveries: 1,10.6,22:20
ZC-0041,COIMBRES19DEL03,24,4.8,11.022298,76.998349,11.052298,77.028349,2026-09-26,21:40:00,21:50:00,Fog,Jam,2,Snack,scooter,1,No,Metropolitian,Active,26.9,2026-09-26 07:08:04,60,High,,,,Adverse,Severe,Normal Day,20,30,0,10,Weather: Fog; Traffic: Jam; Multiple deliveries: 1,4.67,22:17
ZC-0042,BANGRES17DEL03,30,4.9,12.972532,77.608179,13.062532,77.698179,2026-09-26,22:10:00,22:15:00,Sandstorms,Low,0,Drinks,motorcycle,1,No,Metropolitian,Active,23.2,2026-09-26 07:08:04,30,Medium,,,,Adverse,Smooth,Normal Day,20,0,0,10,Weather: Sandstorms; Multiple deliveries: 1,13.97,22:38
ZC-0043,BANGRES19DEL02,21,4.9,12.914264,77.6784,12.964264,77.7284,2026-09-26,22:40:00,22:55:00,Sunny,Low,2,Drinks,electric_scooter,0,No,Metropolitian,Active,18.5,2026-09-26 07:08:04,0,Low,,,,Clear,Smooth,Normal Day,0,0,0,0,None,7.76,23:14
ZC-0044,CHENRES18DEL03,27,4.9,12.981615,80.231598,13.071615,80.321598,2026-09-26,22:50:00,23:05:00,Sandstorms,Low,1,Drinks,motorcycle,1,No,Urban,Active,15.7,2026-09-26 07:08:04,30,Medium,,,,Adverse,Smooth,Normal Day,20,0,0,10,Weather: Sandstorms; Multiple deliveries: 1,13.97,23:21
ZC-0045,LUDHRES11DEL01,31,4.8,30.893081,75.821495,31.003081,75.931495,2026-09-26,22:55:00,23:00:00,Cloudy,Low,0,Drinks,motorcycle,1,No,Urban,Active,36.8,2026-09-26 07:08:04,30,Medium,,,,Adverse,Smooth,Normal Day,20,0,0,10,Weather: Cloudy; Multiple deliveries: 1,16.11,23:37
ZC-0046,BANGRES010DEL02,22,4.9,12.933298,77.614293,13.063298,77.744293,2026-09-26,22:55:00,23:05:00,Stormy,Low,1,Buffet,scooter,1,No,Urban,Active,14.5,2026-09-26 07:08:04,30,Medium,,,,Adverse,Smooth,Normal Day,20,0,0,10,Weather: Stormy; Multiple deliveries: 1,20.18,23:20
ZC-0047,CHENRES12DEL01,35,4.0,12.972793,80.249982,13.042793,80.319982,2026-09-26,23:00:00,23:05:00,Fog,Low,0,Snack,motorcycle,2,No,Metropolitian,Active,40.0,2026-09-26 07:08:04,40,Medium,,,,Adverse,Smooth,Normal Day,20,0,0,20,Weather: Fog; Multiple deliveries: 2,10.87,23:45
ZC-0048,SURRES01DEL02,32,4.7,21.186438,72.794115,21.316438,72.924115,2026-09-26,23:35:00,23:50:00,Windy,Low,0,Meal,motorcycle,0,No,Metropolitian,Active,24.6,2026-09-26 07:08:04,10,Low,,,,Moderate,Smooth,Normal Day,10,0,0,0,Weather: Windy,19.76,00:15
ZC-0049,VADRES01DEL03,21,4.6,22.307898,73.167788,22.397898,73.257788,2026-09-26,23:40:00,23:55:00,Windy,Low,1,Drinks,scooter,1,No,Urban,Active,14.5,2026-09-26 07:08:04,20,Low,,,,Moderate,Smooth,Normal Day,10,0,0,10,Weather: Windy; Multiple deliveries: 1,13.63,00:10
ZC-0050,SURRES010DEL02,27,4.8,21.17106,72.789292,21.22106,72.839292,2026-09-26,23:55:00,00:10:00,Sandstorms,Low,1,Snack,scooter,1,No,Metropolitian,Active,16.1,2026-09-26 07:08:04,30,Medium,,,,Adverse,Smooth,Normal Day,20,0,0,10,Weather: Sandstorms; Multiple deliveries: 1,7.6,00:26
